order_id,customer_id
33449,10001
30176,10001
34598,10002
32658,10002
31826,10002
32969,10002
32569,10002
32164,10003
32423,10003
34537,10003
32771,10004
32319,10004
30642,10005
34992,10005
33121,10005
31807,10005
30769,10006
30520,10006
33845,10006
30931,10007
33429,10007
31779,10007
31802,10007
31667,10007
33256,10008
34415,10009
30774,10009
31154,10010
33700,10010
32520,10012
31377,10012
30407,10012
32937,10013
34889,10013
33206,10014
34837,10015
32604,10015
32526,10015
31039,10016
32039,10016
31024,10017
33603,10017
32786,10017
32978,10017
34853,10017
32572,10018
30423,10018
34205,10019
32583,10019
30349,10019
30209,10020
30601,10021
31049,10021
33220,10022
34075,10024
30343,10024
32822,10024
30705,10024
31453,10025
32265,10026
30287,10026
30858,10026
33705,10026
34890,10027
34696,10027
34155,10027
30029,10028
34901,10029
32945,10029
30704,10029
31868,10031
32998,10031
33880,10033
34785,10033
32680,10034
30030,10034
34958,10034
31955,10035
32305,10035
32640,10036
30236,10036
30412,10036
33717,10036
31689,10037
30334,10038
34235,10038
32708,10038
32269,10038
33134,10039
32483,10039
34528,10040
30414,10040
30564,10040
30698,10041
33938,10042
34015,10042
33228,10042
31016,10043
30226,10043
31107,10044
33035,10044
33744,10044
30376,10045
31352,10045
31084,10046
32428,10047
30409,10047
30952,10047
33234,10048
32759,10048
31952,10048
31879,10048
32803,10049
30269,10049
31192,10049
31254,10051
34380,10051
32557,10053
33958,10053
32887,10053
30546,10054
30588,10055
30586,10055
31329,10055
34067,10056
31870,10056
30878,10056
33464,10056
30557,10057
33553,10057
30274,10059
32461,10059
30363,10060
31503,10060
34171,10060
31877,10060
34493,10061
34419,10061
31596,10061
30667,10062
30392,10062
32893,10063
33352,10064
34553,10064
30142,10064
30259,10065
33083,10065
30442,10065
34491,10066
34531,10066
34527,10066
34944,10066
32829,10066
32625,10067
32896,10067
30654,10067
32490,10067
33614,10067
32850,10069
34821,10069
32702,10070
33211,10070
33064,10070
34187,10071
30871,10072
31893,10072
31543,10073
32804,10073
33207,10073
32216,10074
32709,10075
34568,10075
34762,10076
31730,10076
30817,10076
32880,10076
32874,10077
30065,10077
32311,10078
30700,10079
33730,10079
30918,10079
33664,10079
34678,10079
32563,10080
33921,10080
30083,10080
30022,10080
33814,10082
30002,10082
31062,10083
32199,10083
31519,10084
34095,10084
33198,10084
34870,10084
30458,10085
30482,10085
31034,10086
34157,10086
31414,10086
31817,10087
33524,10087
33028,10088
31498,10089
31546,10089
31623,10090
30740,10090
33216,10091
34689,10092
31270,10093
34340,10093
33666,10093
34355,10094
31873,10095
33381,10095
34490,10095
34454,10095
30685,10096
32281,10097
32704,10097
33283,10097
30682,10097
30962,10097
31420,10098
30131,10098
34211,10099
30331,10099
32641,10099
31532,10099
30185,10099
30545,10100
31830,10100
30960,10101
30616,10101
30463,10102
33204,10103
30494,10103
30103,10103
32065,10103
34086,10104
32934,10104
33307,10104
31121,10104
34145,10104
34551,10105
33470,10105
31591,10105
31670,10106
33564,10106
30544,10107
33150,10107
33830,10108
34003,10108
30607,10109
34503,10109
33324,10110
30647,10110
32856,10111
31906,10114
34073,10115
34991,10115
33144,10115
34158,10115
33330,10115
33530,10116
31699,10116
30574,10116
34306,10116
34223,10116
31357,10117
30311,10117
30712,10118
32403,10118
31444,10119
33459,10119
34129,10120
32763,10120
34222,10120
33405,10121
30538,10121
34867,10122
30144,10122
31302,10122
34962,10122
33299,10124
34784,10125
30851,10125
31173,10125
34983,10126
30853,10126
30974,10126
34379,10126
32063,10128
30225,10128
32170,10129
32905,10129
30104,10129
31382,10130
30597,10130
33537,10131
30942,10131
30391,10132
33002,10132
34707,10133
31093,10134
34115,10136
31901,10136
34198,10137
30608,10137
32974,10139
31654,10141
34857,10141
34771,10141
33823,10141
32153,10142
32038,10142
34455,10143
32909,10143
33047,10143
32184,10144
31127,10145
33558,10146
31220,10147
33626,10147
34845,10147
32672,10147
30913,10147
34856,10148
30126,10148
31584,10148
34151,10148
32411,10149
34978,10149
30679,10149
30244,10150
33236,10150
32353,10150
33494,10151
34360,10151
34952,10151
31167,10152
34442,10152
31656,10152
33598,10152
31693,10154
34795,10154
31954,10154
30920,10154
32358,10155
33671,10155
33100,10155
32023,10155
32833,10155
30341,10157
33486,10157
31135,10158
30230,10158
30132,10158
34863,10159
30095,10159
30652,10159
32228,10160
32957,10160
32538,10161
30694,10161
34935,10161
31291,10162
34668,10162
34185,10162
33460,10163
33566,10164
33610,10164
33301,10165
33406,10165
32449,10165
30087,10166
30299,10166
31315,10166
33439,10166
32929,10167
31152,10167
30806,10168
33708,10169
32733,10169
31129,10170
34267,10170
33641,10170
33340,10170
31681,10170
33960,10170
32465,10170
33430,10170
33802,10170
34303,10171
31241,10172
31447,10173
32315,10173
30380,10173
31862,10173
32172,10173
30915,10173
31326,10174
32637,10174
34849,10174
31205,10175
32456,10175
31923,10175
33221,10175
34012,10176
34011,10176
33038,10177
32056,10178
33683,10178
34887,10178
30212,10178
31629,10179
31735,10180
32438,10180
33149,10180
32661,10180
34252,10181
31361,10181
33287,10182
33411,10182
34523,10182
33300,10183
33954,10184
34272,10184
34515,10184
33990,10185
34221,10185
33575,10185
30606,10185
34925,10186
30175,10187
34378,10187
32671,10187
31838,10187
33355,10188
33263,10188
32375,10188
31608,10190
32602,10191
34910,10191
32034,10191
31975,10191
30856,10191
33067,10191
32585,10192
30346,10194
33991,10194
32533,10195
33659,10195
33237,10196
34740,10196
32503,10196
30162,10197
34042,10197
30216,10197
34548,10197
30218,10198
31174,10198
30102,10198
34745,10199
31027,10199
33782,10199
30179,10200
32703,10200
31750,10200
30596,10200
30581,10201
32915,10201
33656,10201
32955,10202
33657,10202
32324,10202
34032,10203
33885,10204
32085,10204
32031,10204
33501,10204
34028,10206
32310,10208
31985,10208
30174,10209
30833,10209
32567,10209
33435,10209
34123,10210
32652,10211
32259,10211
30820,10212
34326,10212
31330,10213
32016,10214
31465,10215
34651,10216
34341,10217
34278,10217
33436,10218
32859,10218
30329,10218
31331,10218
34747,10219
30163,10219
34736,10219
30737,10219
31354,10220
32630,10221
30237,10221
30841,10221
31897,10221
30435,10221
30090,10222
30101,10222
30297,10223
34440,10223
30308,10224
30559,10224
30937,10224
34759,10224
33854,10225
32151,10225
31969,10226
30857,10226
34921,10226
34315,10226
31588,10226
31919,10226
33893,10227
34967,10227
34257,10228
30110,10228
32980,10229
31422,10229
34070,10229
34532,10229
31473,10229
34505,10229
34871,10231
32185,10231
30279,10231
33627,10231
33388,10231
31439,10231
33900,10232
33442,10232
33933,10232
34634,10232
34799,10233
34729,10233
33393,10233
33528,10234
33947,10234
31435,10235
30548,10235
30323,10235
34308,10236
31342,10236
33082,10236
32351,10237
33864,10237
34460,10238
32910,10239
30521,10239
30614,10239
31047,10240
30671,10240
34322,10240
31428,10240
33866,10241
34726,10241
34500,10242
31249,10242
34549,10244
31757,10244
30130,10245
34401,10245
33556,10245
32047,10245
33286,10247
31296,10247
31461,10248
30612,10248
33167,10249
30540,10249
33045,10249
31111,10250
32287,10250
30305,10251
31928,10251
34036,10251
34431,10251
34625,10252
31046,10252
34877,10252
33223,10252
30946,10252
34295,10253
32977,10254
30500,10254
34755,10254
30164,10254
32207,10255
30917,10255
32192,10255
32316,10256
34243,10256
33297,10257
34016,10258
34107,10259
30916,10260
30241,10260
30359,10260
32101,10260
30515,10260
33249,10260
31381,10261
31308,10261
32044,10261
33073,10262
31790,10262
32599,10263
30823,10264
30632,10264
34869,10264
34596,10265
32993,10265
32997,10265
30502,10265
31134,10266
31069,10266
31663,10266
33964,10266
30826,10266
30086,10267
34557,10267
32220,10267
34547,10267
31912,10267
30991,10268
30444,10268
33293,10269
32163,10269
33219,10271
32204,10272
31346,10273
33579,10273
32928,10274
31139,10274
33771,10274
30982,10275
33821,10275
33891,10276
30298,10277
33513,10278
31998,10278
31516,10278
34046,10278
34363,10279
32005,10280
33644,10280
32470,10280
31680,10280
32791,10280
30353,10280
33955,10281
30925,10281
31669,10281
31325,10281
34832,10282
30766,10283
31518,10285
33115,10285
34142,10286
34124,10286
33562,10286
33736,10286
31119,10287
31194,10287
33481,10288
33601,10289
30898,10289
33541,10289
31609,10291
30693,10291
32452,10291
31202,10291
31348,10292
30235,10293
33194,10293
32187,10294
33966,10294
31636,10294
32754,10294
32284,10295
32323,10295
34997,10295
30397,10296
32952,10296
31297,10296
33716,10296
32894,10296
34281,10297
33604,10297
31416,10297
34585,10297
30378,10298
30785,10298
34751,10298
32478,10299
34879,10299
32017,10300
31618,10300
31390,10300
30193,10302
31899,10302
32086,10303
34141,10304
31020,10305
33978,10305
32384,10306
30123,10306
30071,10306
31944,10307
33755,10307
34813,10308
34540,10308
31902,10309
30864,10309
34404,10310
31247,10311
32922,10312
33009,10312
34097,10313
32124,10313
31694,10313
34175,10314
33129,10314
34236,10314
31880,10314
32479,10315
34292,10315
34717,10316
31023,10316
30420,10316
33131,10318
33574,10318
31834,10318
33995,10318
32851,10318
33646,10319
33751,10319
31614,10319
33112,10319
30277,10320
30390,10320
31995,10320
30247,10320
33944,10320
30150,10321
30767,10321
32496,10321
30026,10321
30561,10322
34118,10323
30497,10323
33458,10323
34468,10323
32190,10323
32660,10325
31776,10325
34366,10325
31751,10326
33329,10326
31402,10326
30866,10326
30636,10326
32294,10327
32127,10327
32650,10327
31095,10327
30201,10328
33742,10328
30791,10329
32647,10329
31603,10330
31256,10330
31966,10330
31860,10331
34178,10331
34671,10332
31786,10332
33331,10332
31124,10333
33416,10333
32368,10334
34961,10335
34373,10335
33314,10336
30327,10337
34924,10337
30665,10338
32144,10338
31452,10338
30301,10338
32522,10339
31053,10340
31485,10340
33789,10341
31408,10341
32302,10342
30143,10342
33294,10343
30832,10343
34137,10343
31395,10344
33992,10344
31206,10344
32762,10344
31722,10344
30542,10345
34437,10345
31737,10345
32502,10345
34955,10346
33316,10346
32773,10347
30868,10347
30292,10348
31347,10349
33491,10349
33183,10350
31938,10351
31271,10351
32613,10352
34461,10353
31574,10353
33048,10354
31635,10354
33075,10354
31671,10356
31825,10356
33714,10356
34212,10357
33113,10357
34535,10358
33006,10358
33688,10359
31014,10359
31474,10359
34520,10359
32094,10360
33084,10360
34156,10360
34228,10361
33461,10361
33305,10361
34576,10361
33452,10362
31150,10362
32306,10363
30902,10363
31934,10363
31845,10363
33310,10364
34393,10365
32699,10366
32313,10366
34918,10367
31102,10367
31698,10368
33191,10369
30895,10369
30891,10369
32293,10370
33068,10370
32333,10371
34688,10371
30421,10371
30732,10371
30007,10371
31502,10371
32792,10371
31812,10372
34298,10372
30260,10372
32027,10372
33555,10372
34639,10373
31015,10373
30555,10374
33753,10374
34985,10374
31164,10375
31852,10375
34631,10377
32278,10377
30307,10377
30865,10377
31770,10378
30728,10378
30257,10378
32460,10378
30146,10378
34208,10378
30294,10379
33507,10379
32507,10380
33250,10381
32879,10381
34908,10381
32666,10381
31607,10382
34825,10384
31970,10384
34806,10384
30448,10384
31405,10384
31051,10385
30059,10385
34702,10385
32388,10385
32420,10386
34282,10386
32914,10386
30979,10387
30427,10387
30070,10387
31309,10387
31228,10388
33445,10389
34629,10389
32341,10389
33274,10390
33619,10390
31033,10390
34970,10390
32331,10391
32696,10391
33912,10391
31616,10391
31321,10391
33182,10392
33229,10393
34664,10393
34971,10393
30223,10394
34280,10394
30516,10394
34752,10394
33265,10395
31280,10395
31561,10395
33369,10396
32217,10396
30842,10396
32755,10397
31181,10397
32429,10397
30475,10398
31427,10399
30848,10399
34102,10400
34416,10400
31208,10400
31353,10401
31109,10402
32877,10402
32240,10402
33740,10402
32745,10402
32292,10402
30822,10403
34349,10403
31156,10404
31300,10404
33280,10404
32091,10404
31775,10405
34760,10405
31222,10406
34184,10406
30161,10407
30792,10407
30118,10407
32627,10407
30977,10408
34571,10408
31234,10409
33039,10409
31734,10409
32906,10409
30713,10409
34286,10409
31021,10411
34410,10411
32077,10412
30554,10413
32297,10414
31513,10414
30909,10415
34084,10415
34108,10415
34376,10416
34615,10416
30321,10416
30057,10417
30446,10417
33685,10417
30736,10417
31375,10418
33824,10419
30401,10419
30155,10419
30387,10420
31244,10421
33859,10421
30570,10422
30242,10423
32907,10424
33379,10425
32941,10425
32963,10425
31855,10425
31251,10426
34004,10426
30611,10426
32999,10426
32808,10427
33986,10427
31673,10428
33769,10428
33536,10428
33863,10428
30759,10429
33050,10429
33309,10429
30084,10429
32890,10430
33809,10430
32679,10430
30019,10430
31793,10430
30196,10430
30037,10431
34147,10431
34022,10431
34351,10432
32534,10432
30031,10432
32813,10432
30408,10433
30657,10433
34066,10434
30224,10434
32037,10434
30569,10435
30955,10436
30422,10436
30887,10437
31480,10437
31213,10438
34428,10438
31682,10438
31999,10438
33242,10438
32519,10439
31411,10439
31122,10439
32553,10439
34100,10440
34035,10440
31633,10441
30511,10441
34096,10442
34372,10443
30483,10444
30265,10444
34980,10446
32489,10446
33669,10446
31365,10447
31850,10447
32102,10447
33004,10447
33106,10447
33195,10448
31678,10448
30525,10448
34065,10448
30702,10448
30153,10449
34873,10450
31986,10450
34738,10450
30789,10450
34552,10451
32866,10451
34314,10451
31581,10452
34703,10452
34374,10453
34680,10454
33587,10455
34734,10455
31284,10456
32179,10457
31683,10457
31103,10457
34058,10458
33389,10459
33378,10460
30465,10460
33820,10460
31396,10460
30867,10460
34723,10461
31492,10461
30646,10462
33088,10462
32725,10462
33878,10463
34191,10463
31798,10463
32382,10463
32050,10463
34053,10464
30181,10464
33691,10464
33348,10465
33554,10465
33060,10465
34397,10465
34959,10466
30462,10466
30067,10466
32309,10467
33357,10467
30524,10467
34245,10468
34150,10469
33344,10469
33235,10469
31415,10469
32223,10470
30828,10470
34436,10470
33704,10473
30488,10473
33337,10473
33176,10473
32059,10474
31162,10474
30232,10474
32624,10474
30141,10474
32374,10475
34876,10475
34466,10476
31054,10476
31343,10476
30072,10476
30862,10476
34365,10476
34013,10477
33248,10478
32796,10478
31067,10478
30734,10478
31569,10479
32689,10479
33010,10479
31406,10479
34722,10479
34483,10479
31649,10480
31366,10480
31262,10480
34819,10481
32328,10481
31425,10481
32664,10482
31967,10482
34017,10482
30404,10483
30431,10483
32570,10483
31235,10483
34337,10483
30051,10483
30262,10484
33000,10484
31836,10485
31177,10485
34056,10485
31507,10485
32497,10485
31971,10486
34458,10486
30330,10486
32864,10487
30324,10487
34311,10487
31057,10487
32000,10487
34995,10488
31166,10488
31004,10488
33070,10489
31888,10489
32337,10489
34239,10491
32081,10491
30565,10492
30796,10492
30099,10492
31019,10492
31981,10492
30263,10495
33057,10496
32273,10496
33645,10496
30147,10497
33017,10497
30004,10498
34990,10498
31562,10499
31253,10500
33975,10500
30507,10500
33570,10500
33335,10501
31264,10501
33697,10501
33677,10502
32873,10502
34271,10502
32648,10503
30375,10503
33094,10504
34020,10504
30906,10504
33670,10504
32886,10504
32136,10505
34684,10505
30393,10505
33188,10506
34511,10506
30821,10507
32100,10507
34587,10508
34791,10509
33343,10509
32623,10509
33423,10510
30756,10510
30385,10511
33695,10511
30267,10511
30852,10511
31890,10511
33931,10512
30304,10512
33397,10512
32750,10512
32425,10513
32123,10513
32362,10514
31871,10514
34179,10514
33173,10514
31997,10514
34855,10515
33391,10515
31283,10515
33803,10515
32751,10515
30951,10515
30009,10516
32468,10516
32765,10516
32869,10516
31083,10516
32491,10516
31344,10517
30633,10517
30254,10517
34018,10517
34761,10517
30900,10519
30711,10519
32210,10519
32544,10520
33278,10520
32073,10520
34709,10520
32404,10521
32441,10521
34792,10522
33808,10522
31696,10523
30770,10523
31559,10523
31113,10524
30967,10525
31774,10525
32730,10526
33431,10526
32757,10527
32261,10528
34584,10528
33072,10528
33499,10529
33832,10530
31715,10530
34741,10530
32494,10530
34026,10531
31917,10531
33652,10531
31305,10531
32727,10531
31764,10532
31170,10533
30243,10535
30908,10535
33488,10535
31819,10535
31989,10536
33418,10536
31858,10537
34383,10537
34050,10539
32457,10539
32042,10539
30168,10540
30484,10540
33756,10541
34950,10541
31799,10541
32981,10542
33968,10542
32619,10542
31889,10542
33787,10542
30716,10543
32157,10543
30750,10543
33440,10544
31558,10546
33205,10546
34249,10547
32930,10547
30861,10547
34085,10547
34230,10547
33642,10547
31351,10548
31746,10548
32079,10548
30889,10549
30584,10549
30651,10549
30558,10550
31631,10551
32046,10551
31959,10551
33585,10551
33495,10551
34884,10553
30519,10553
30825,10553
31634,10554
33792,10554
33974,10554
30961,10554
32817,10555
33843,10556
33122,10556
33639,10556
33079,10557
34273,10557
34240,10557
30466,10558
34024,10558
33534,10558
32487,10559
33572,10559
34256,10559
33871,10559
32790,10560
32920,10560
34672,10561
33291,10561
31630,10561
34402,10561
30800,10561
33594,10561
32049,10561
32676,10562
32111,10562
33239,10562
31159,10562
34902,10563
33746,10563
30213,10563
31231,10563
30599,10563
34579,10563
33643,10563
32667,10564
34998,10565
32628,10565
32367,10566
30640,10567
33807,10567
32574,10567
34149,10567
31662,10567
32990,10567
34617,10568
32988,10568
30690,10568
34195,10569
34933,10569
32608,10569
31418,10569
31013,10569
33412,10570
30396,10570
31319,10571
31259,10571
31272,10572
34229,10572
32565,10573
32372,10574
33396,10574
32357,10574
33104,10574
34305,10575
32227,10575
30697,10576
31349,10576
33424,10577
30980,10577
31335,10578
34119,10579
31534,10579
30941,10579
31597,10580
30499,10580
32729,10580
34831,10580
34362,10581
34694,10581
34202,10581
34562,10583
30726,10583
33943,10583
33951,10584
32715,10584
34858,10585
30416,10585
31386,10585
32239,10585
32392,10586
34628,10586
33467,10587
32802,10587
32900,10587
31990,10588
30761,10588
31098,10588
33213,10589
34268,10589
31126,10589
32933,10590
30347,10590
33861,10591
33489,10591
33549,10591
34972,10592
33870,10592
30199,10593
34045,10593
31153,10593
31017,10593
32139,10594
30751,10594
31316,10595
30351,10595
30899,10595
31219,10596
31090,10596
34390,10596
34905,10596
32948,10596
33724,10596
32575,10597
31544,10598
30167,10599
33425,10600
34936,10600
33979,10601
30286,10601
33177,10601
32090,10601
32398,10602
32992,10602
33533,10602
31446,10603
31927,10603
32861,10604
32858,10604
31676,10604
32844,10604
34567,10605
30159,10605
32826,10605
33784,10605
33855,10606
31261,10606
30076,10606
31714,10607
30623,10607
31617,10607
34193,10608
32308,10608
32697,10608
34691,10609
31784,10609
32562,10609
31188,10609
30178,10609
30157,10610
34210,10610
34309,10610
30649,10611
34289,10611
30995,10611
34080,10611
31165,10612
32158,10613
30701,10613
34509,10613
32901,10614
31227,10614
33648,10614
33583,10616
31905,10617
34834,10617
31646,10618
33332,10618
32352,10618
33487,10619
34885,10620
33591,10620
32162,10621
34504,10621
31022,10622
34874,10623
34539,10623
34161,10624
31332,10624
31371,10624
30765,10625
30703,10625
30115,10625
33390,10626
30672,10626
32770,10626
33482,10627
31638,10627
32724,10628
30985,10628
34746,10629
30919,10629
32691,10631
34993,10631
31397,10632
34941,10632
34120,10632
33453,10633
32488,10633
32737,10633
31620,10634
31719,10634
31895,10635
30675,10636
31540,10636
33588,10636
33132,10636
34733,10636
30936,10636
33942,10637
34165,10637
34862,10637
33054,10637
31585,10637
33763,10637
32547,10638
30434,10638
32847,10639
34898,10640
31738,10641
31810,10641
31298,10642
31157,10642
34797,10642
30988,10643
33936,10643
31410,10644
34414,10644
33687,10645
34177,10645
33567,10645
32243,10645
32766,10645
31070,10646
33428,10646
30449,10646
30194,10647
31526,10647
31028,10650
30208,10651
34712,10652
31268,10652
30984,10652
34400,10652
33065,10652
32289,10653
30543,10653
33098,10653
31499,10653
31797,10653
32795,10654
31458,10654
31118,10654
33161,10655
33055,10655
34897,10656
33767,10656
34750,10657
33837,10657
34613,10658
34632,10658
34457,10658
34246,10658
30438,10659
32670,10659
31115,10659
32597,10660
31744,10661
32237,10661
34412,10662
33506,10663
30539,10664
30641,10664
32145,10665
31555,10665
33413,10665
34323,10666
34188,10666
33848,10666
31575,10667
33950,10668
30836,10668
33876,10669
32112,10669
33254,10669
30372,10670
33292,10671
31257,10671
34524,10671
30830,10672
31529,10672
32426,10672
30886,10673
30477,10673
31783,10673
30271,10674
33812,10674
34683,10674
34774,10674
32954,10674
31317,10674
31463,10674
33463,10675
34700,10675
33476,10678
32545,10679
32996,10679
34577,10680
32589,10680
32493,10681
30432,10681
32753,10681
32593,10681
30567,10681
34530,10681
30764,10682
31664,10682
31190,10682
31437,10683
30714,10684
30097,10685
34597,10686
32069,10686
34426,10686
30498,10687
31553,10687
32582,10687
34581,10687
31372,10687
30752,10687
31625,10687
32028,10687
30272,10687
34071,10687
30410,10688
32935,10688
30653,10688
33504,10689
30780,10689
32033,10689
32499,10689
32205,10690
33836,10690
33726,10690
31075,10690
33835,10691
34041,10692
32505,10693
34446,10693
34072,10693
30930,10694
34847,10694
33749,10695
32159,10697
33153,10697
32469,10697
34749,10698
33883,10698
31621,10698
31957,10698
30997,10699
32434,10699
33434,10700
33222,10700
34213,10701
34662,10701
32812,10701
33923,10701
34945,10703
34880,10703
33041,10704
34881,10704
31994,10704
34000,10705
32843,10705
33853,10705
30441,10705
30621,10705
30932,10706
32825,10706
34645,10706
31552,10706
34612,10706
34888,10706
31724,10707
31639,10707
33877,10708
31183,10708
32137,10708
33860,10708
34027,10709
31761,10709
33679,10709
34048,10709
32949,10709
32823,10710
33674,10710
32784,10710
32342,10710
32586,10710
34368,10711
33822,10711
34555,10712
34037,10712
33831,10712
31116,10712
32347,10712
33580,10713
30994,10714
34173,10715
33668,10715
30256,10716
34405,10716
33709,10716
32266,10717
33475,10718
30812,10718
32849,10718
32581,10718
32610,10718
31576,10719
33135,10719
33595,10719
30092,10720
32633,10720
32361,10721
30191,10721
30809,10723
30805,10723
30760,10723
34896,10723
31364,10724
34669,10724
34496,10724
33510,10724
33888,10725
33550,10725
30749,10725
32528,10725
31533,10726
33328,10726
30342,10730
31287,10730
31705,10730
33325,10731
34727,10731
31568,10732
34197,10732
31224,10733
34063,10733
31376,10733
30056,10734
31587,10734
31785,10734
34787,10734
31451,10734
30107,10734
31628,10735
32415,10735
33175,10735
31151,10736
34116,10737
30782,10737
33226,10737
32143,10737
31861,10737
32908,10738
31012,10738
30461,10739
34320,10739
34932,10739
30373,10740
33171,10740
31655,10741
31592,10741
32386,10742
34143,10742
32837,10742
34558,10742
33063,10744
33783,10744
32768,10744
34559,10744
34626,10745
30534,10745
31982,10747
32573,10748
30604,10748
30024,10748
33471,10748
33810,10749
31146,10749
32397,10750
31973,10750
33208,10750
34478,10750
33956,10751
31059,10751
31172,10752
30479,10752
32947,10752
32556,10753
30060,10753
33776,10753
30989,10754
33037,10754
30971,10754
31661,10755
30203,10756
34916,10756
33007,10757
31886,10757
30018,10757
30166,10758
34999,10758
31875,10758
34005,10759
34790,10759
32247,10759
32810,10759
30415,10759
34469,10759
33415,10760
34006,10761
34342,10761
32950,10761
33267,10762
31644,10762
30021,10762
30598,10763
31058,10763
34153,10763
34829,10764
30892,10765
32774,10765
30741,10766
30338,10766
33758,10767
32104,10767
32824,10768
32827,10768
31903,10768
34744,10769
33517,10769
33927,10769
30283,10769
31506,10770
30374,10770
34199,10770
34601,10770
31275,10771
34453,10771
34233,10771
33062,10771
33404,10771
33322,10772
31389,10773
31373,10774
30510,10774
32780,10776
31290,10776
34359,10776
31094,10776
30880,10777
32171,10778
34872,10778
32662,10778
32318,10778
32282,10779
33456,10780
32807,10780
32180,10780
34730,10781
30078,10782
31884,10782
32917,10783
32277,10784
30198,10784
33102,10784
33303,10785
34777,10786
32174,10786
31612,10786
31753,10788
33816,10788
31362,10790
31040,10790
31765,10790
33797,10791
33061,10791
33420,10792
30246,10793
33512,10794
30120,10794
31943,10795
34217,10795
34167,10796
32224,10796
33731,10797
33180,10797
32912,10797
30085,10797
34657,10797
33606,10799
33660,10799
31229,10799
30249,10799
34445,10800
32821,10801
32875,10801
31504,10801
34973,10802
33269,10802
34159,10802
31052,10802
30036,10803
32830,10803
32040,10804
32051,10804
30486,10804
33737,10804
30709,10804
30975,10805
31137,10805
30337,10805
30490,10805
30637,10805
33408,10806
32176,10806
32450,10807
30849,10808
32529,10808
32130,10808
33890,10809
30365,10809
34074,10809
34432,10809
32440,10809
33852,10810
31732,10810
33462,10810
34603,10811
33092,10811
34484,10811
32883,10811
33920,10812
32254,10813
31980,10813
33446,10814
31695,10814
30025,10815
30746,10815
30187,10816
30845,10816
32412,10816
30956,10816
32973,10816
32942,10816
34846,10817
32285,10818
33640,10818
31138,10818
31478,10818
31008,10818
32995,10818
32546,10819
33547,10819
32855,10820
34946,10821
31286,10821
33989,10822
33023,10823
34781,10823
30173,10823
32314,10823
31767,10823
34385,10824
32668,10825
34370,10825
34807,10825
30669,10826
31123,10826
31487,10826
33472,10826
34848,10827
30514,10828
34757,10830
30730,10830
31218,10831
30158,10832
31475,10832
33078,10833
31545,10833
34330,10834
32002,10835
34533,10836
34444,10836
30046,10836
34169,10837
34882,10837
30879,10837
30551,10837
34811,10837
32245,10838
33953,10838
30582,10838
34002,10840
33565,10841
34822,10841
30928,10843
31269,10843
34427,10843
32099,10844
32761,10844
34459,10844
30127,10845
34388,10845
30529,10846
31600,10846
30661,10846
30575,10846
31718,10847
33638,10847
32118,10847
31079,10847
30192,10847
33719,10850
31088,10851
32012,10851
33202,10851
34917,10851
34674,10852
32665,10852
33398,10852
31549,10852
33865,10853
30718,10853
30719,10853
31550,10853
34052,10853
31991,10853
33351,10854
33118,10854
31684,10855
31883,10856
33015,10856
34242,10856
31031,10857
33199,10857
32741,10858
34719,10858
30015,10858
34767,10858
32867,10859
30443,10860
34605,10860
34974,10860
34039,10860
33699,10860
34418,10861
31303,10861
34317,10862
33678,10862
33872,10863
34448,10863
30160,10863
34608,10864
30532,10864
33271,10864
32325,10865
34481,10865
34127,10865
30217,10866
33109,10866
30963,10866
33879,10867
33157,10868
30492,10868
33957,10868
30787,10868
31077,10869
34892,10869
30080,10869
30996,10869
30893,10870
34176,10870
31388,10871
34247,10872
33005,10872
30245,10872
33842,10872
34377,10872
32845,10872
31963,10874
31403,10874
31945,10874
31601,10874
32338,10874
34034,10875
30063,10875
32788,10875
31911,10875
32530,10875
31866,10875
31071,10876
32183,10876
32128,10876
30117,10876
31056,10876
33224,10877
31497,10877
33973,10877
30585,10877
30148,10877
34758,10878
34031,10878
32018,10878
34105,10878
32455,10879
34667,10879
31252,10879
33179,10880
31908,10880
34361,10880
31756,10881
33529,10881
31175,10882
31632,10883
31713,10883
30062,10884
30658,10884
34068,10884
30650,10885
30877,10885
33948,10886
32335,10886
32919,10886
33080,10886
32332,10886
31885,10887
32836,10887
31445,10889
30369,10889
34069,10890
32486,10890
33320,10890
30275,10892
30291,10892
30869,10893
30885,10893
34087,10894
33056,10895
31158,10895
32642,10895
32846,10896
30948,10896
32045,10896
30045,10896
30470,10896
32946,10896
32251,10896
32276,10897
34335,10897
33117,10897
30537,10898
32618,10899
32437,10899
33095,10900
31701,10900
34956,10900
31214,10900
33138,10901
30360,10901
31233,10902
34302,10902
31820,10902
33770,10903
30229,10903
33834,10903
30674,10903
31370,10903
32806,10904
34911,10904
31708,10904
33185,10904
34009,10904
33469,10905
33317,10906
32516,10906
32694,10906
31064,10907
34518,10907
32409,10908
31692,10909
31541,10909
30460,10909
33108,10910
30335,10910
33518,10911
32280,10911
33101,10911
31176,10912
34049,10913
30079,10913
33372,10913
32270,10914
33682,10915
33432,10915
33238,10916
30973,10916
30742,10917
30921,10917
30215,10917
33813,10918
31360,10918
31171,10919
32011,10919
34391,10920
31778,10920
33519,10921
30233,10921
31324,10922
30594,10922
31787,10923
32052,10923
30634,10924
31277,10924
34818,10925
34180,10925
31459,10925
34350,10925
31195,10926
32364,10926
33218,10926
31988,10926
31924,10926
34963,10927
32355,10928
32578,10928
32024,10928
32726,10928
30563,10928
33110,10931
30450,10932
31007,10932
32818,10933
33295,10934
30417,10934
34828,10934
32506,10935
32783,10935
33022,10935
34706,10936
32659,10937
32432,10937
31527,10938
30362,10938
34318,10938
33981,10939
30184,10940
34007,10940
33752,10940
32953,10941
31204,10941
31539,10942
33941,10943
30613,10943
30135,10943
30012,10943
30795,10944
31099,10944
32564,10944
32068,10944
30413,10945
31847,10946
32554,10948
32707,10948
30356,10948
34940,10949
32596,10949
33867,10949
34968,10950
31232,10950
30964,10950
33155,10950
31773,10950
33605,10950
32531,10951
33543,10951
33698,10951
31805,10952
30723,10952
34394,10953
30840,10953
30844,10954
34652,10954
31063,10954
33384,10954
33230,10954
30628,10956
33296,10956
33613,10956
33516,10957
30983,10957
33003,10958
32062,10958
30513,10959
34114,10959
32512,10959
34215,10960
31178,10961
31953,10961
30776,10962
32740,10963
30358,10963
33326,10964
31690,10966
31236,10966
34913,10967
32682,10967
31626,10968
32760,10968
32515,10968
31196,10969
34675,10969
30875,10969
33465,10970
31974,10970
31996,10970
32936,10971
32155,10971
32114,10972
31926,10972
32447,10973
31729,10973
33253,10973
30727,10974
33190,10974
30927,10974
34716,10974
30100,10974
30863,10975
30317,10975
30457,10976
30577,10976
33196,10977
33623,10977
30810,10977
30972,10979
34098,10979
32057,10979
34893,10980
32749,10981
34864,10981
31627,10982
34854,10982
34025,10983
32700,10983
34262,10983
31509,10983
31155,10984
30285,10984
34720,10985
31709,10985
30620,10985
30691,10985
31887,10985
30406,10986
33793,10986
33635,10986
30762,10986
32902,10987
32414,10988
34606,10988
33246,10988
31510,10988
31788,10989
31281,10989
34398,10990
34033,10990
32307,10991
31133,10991
32840,10991
33629,10993
30306,10993
31189,10994
32443,10994
32685,10994
32066,10994
33052,10995
33353,10995
31968,10996
31491,10996
32591,10996
32222,10996
32418,10996
33304,10996
34489,10997
33311,10997
32635,10997
33590,10998
34715,10998
31700,10998
33983,10999
31086,10999
31314,10999
30738,10999
34565,11000
33634,11000
32436,11000
33754,11000
31128,11001
33018,11001
30827,11001
31599,11001
30238,11002
32473,11002
31421,11002
32764,11003
32655,11004
31340,11004
32605,11004
32189,11004
34473,11005
32925,11005
34244,11005
34078,11005
32738,11005
32863,11006
32225,11007
30023,11007
34452,11008
31894,11008
31488,11008
33457,11009
32758,11009
33227,11009
33371,11009
30315,11009
30113,11010
34621,11011
32598,11012
31438,11012
31255,11012
32329,11013
30055,11013
32794,11013
31960,11013
34735,11013
31292,11013
30180,11016
31369,11016
33093,11018
32588,11018
32248,11018
32972,11018
34939,11018
30814,11018
33365,11018
32286,11019
31393,11019
33210,11019
32924,11020
30854,11021
32373,11022
32772,11022
32551,11022
32595,11022
33693,11022
32511,11023
33032,11023
34582,11023
33732,11023
34488,11024
30043,11024
30686,11024
31221,11024
32525,11025
30402,11025
34850,11025
30506,11026
33916,11026
33189,11026
34769,11027
33162,11027
34146,11028
30573,11029
34216,11029
32690,11029
30595,11029
33997,11029
32413,11029
30355,11030
33419,11031
32202,11031
34826,11032
32036,11033
30227,11033
31658,11035
33540,11036
32876,11037
34494,11037
32897,11037
34772,11037
32303,11037
31184,11038
32230,11039
33905,11039
33788,11039
30666,11040
30568,11040
32681,11041
31837,11041
33765,11041
33764,11041
34886,11042
32787,11043
34814,11043
33409,11045
31747,11045
32571,11045
30894,11046
32295,11046
34464,11046
34375,11046
32674,11046
30536,11047
32072,11047
33971,11048
30219,11048
31097,11049
32651,11049
31223,11049
33201,11050
33892,11050
31005,11050
32540,11051
32071,11051
32462,11051
34883,11052
31668,11052
33514,11052
33321,11052
33142,11053
31918,11053
30643,11053
32402,11055
32141,11056
33910,11056
31878,11056
31645,11057
31147,11057
30843,11057
32560,11058
32215,11059
34566,11059
34040,11060
34310,11062
31430,11062
33940,11063
32590,11063
31032,11063
34545,11063
31554,11064
33521,11064
34214,11065
30957,11065
31073,11065
32716,11065
33851,11065
30077,11066
30939,11067
34721,11067
30485,11067
34088,11068
32378,11068
34948,11068
33548,11068
31570,11068
34842,11069
32584,11070
34148,11071
34954,11071
30395,11072
33053,11072
33257,11072
33631,11072
34476,11073
34106,11073
32356,11073
34815,11074
33819,11074
32410,11075
32197,11075
34820,11076
31565,11077
32083,11079
31666,11079
32095,11079
33584,11079
30850,11080
34602,11080
31215,11081
30081,11081
30648,11081
33019,11081
30571,11081
34231,11081
30221,11082
30211,11083
31573,11083
30149,11084
30615,11084
34288,11084
31523,11084
31130,11085
32236,11085
34201,11085
32701,11086
31210,11086
33026,11086
30137,11087
30125,11088
33618,11088
31043,11088
33366,11088
32686,11088
31922,11089
31490,11090
30926,11090
31827,11091
31840,11091
31679,11091
30290,11091
32129,11092
31168,11093
31672,11094
34866,11094
30398,11094
34079,11095
33450,11095
33846,11096
33282,11097
32246,11098
34406,11098
34447,11100
31029,11100
33949,11100
30491,11101
31872,11102
30318,11102
33636,11104
32693,11104
34705,11105
30533,11106
33145,11106
31800,11106
32435,11106
31815,11107
33868,11107
31481,11107
31813,11108
34387,11108
31293,11108
31572,11109
33130,11110
32967,11110
30676,11110
34514,11110
31110,11110
33897,11110
32133,11110
32872,11110
32416,11110
33582,11110
30986,11111
32138,11112
31061,11112
32782,11113
34443,11113
34449,11113
33774,11114
33215,11115
33925,11116
34728,11116
34010,11117
34463,11117
34619,11118
31949,11119
31874,11119
30699,11119
32419,11119
34456,11120
32548,11120
30526,11120
32918,11121
32706,11121
32644,11121
34580,11122
30042,11122
30670,11122
30735,11122
32848,11123
30302,11123
30433,11124
30134,11124
33105,11125
34061,11125
30660,11126
33538,11128
33484,11129
33578,11129
34140,11129
33264,11131
30505,11131
33734,11131
32015,11131
32518,11132
34423,11132
32860,11132
33718,11133
34111,11133
31378,11133
30322,11134
30040,11137
33186,11137
30837,11137
33451,11138
33441,11138
31780,11139
33560,11139
31665,11139
33444,11140
33649,11140
32631,11141
34112,11141
30934,11142
32399,11143
33319,11143
31809,11143
33306,11143
34172,11143
32710,11144
30303,11144
34789,11145
32888,11146
32607,11146
34498,11146
33261,11146
34969,11147
33970,11148
30824,11148
30170,11148
31136,11148
30411,11148
31688,11149
31796,11149
31856,11149
33988,11150
31721,11151
32477,11152
32168,11153
33994,11153
34938,11153
34051,11153
34685,11154
33168,11154
33969,11154
32446,11154
33908,11155
32003,11155
30940,11155
34408,11155
30468,11156
32326,11156
30133,11158
30325,11158
34591,11158
32160,11158
34139,11159
33217,11159
34737,11160
30251,11160
33650,11160
31935,11161
33520,11161
34358,11162
34089,11163
33858,11163
30368,11163
34926,11164
31334,11164
32769,11165
33826,11165
30999,11166
32026,11166
34793,11167
32231,11167
31869,11167
31964,11167
33781,11168
33922,11168
30394,11168
30731,11168
30121,11168
31037,11168
34805,11169
32078,11170
30108,11170
31068,11171
32103,11171
30784,11171
31045,11172
30200,11172
32288,11173
32408,11173
33298,11173
31892,11174
33374,11174
30114,11174
33904,11174
31811,11174
32241,11174
32832,11174
31288,11175
33847,11176
31469,11176
32459,11177
34336,11177
30576,11177
32870,11178
33993,11178
32008,11178
32663,11178
32683,11179
31904,11179
33334,11179
34794,11180
33169,11180
31524,11180
32140,11180
34542,11181
31936,11181
34953,11181
31333,11181
34592,11181
32523,11182
31833,11182
34891,11183
34594,11183
34573,11183
33531,11184
32043,11184
31106,11184
34224,11185
34947,11185
34218,11186
31958,11186
30282,11186
32075,11187
32834,11188
34313,11188
31327,11189
32253,11190
31143,11190
32828,11191
34166,11191
31720,11191
33496,11191
34082,11192
33811,11192
30522,11193
30255,11193
30145,11194
31650,11194
30106,11195
32636,11195
34687,11195
34352,11195
30467,11195
32212,11196
32687,11197
34812,11197
33721,11197
33844,11198
32252,11198
30715,11200
31180,11200
34043,11200
30873,11200
30528,11200
31898,11201
33692,11201
31060,11202
33044,11202
34226,11202
34914,11202
33653,11202
30454,11202
31387,11203
32092,11203
33723,11204
33779,11204
31651,11204
30035,11204
33522,11204
31140,11205
34290,11205
33873,11206
30627,11207
30075,11207
32053,11207
31578,11208
31772,11209
33140,11209
32621,11209
33214,11210
31921,11211
34569,11211
34134,11211
31512,11212
32612,11212
33743,11213
33914,11213
30673,11214
31500,11214
32430,11214
34104,11215
34714,11215
31586,11215
33706,11215
31769,11215
33561,11216
32485,11216
32191,11217
30205,11218
30959,11219
34996,11219
34588,11220
31009,11220
31239,11222
30656,11222
30683,11222
31525,11222
33818,11222
31187,11223
32987,11224
30228,11224
34381,11225
33232,11225
34943,11225
31697,11226
33551,11226
34538,11227
32632,11228
33857,11228
34439,11229
34396,11229
32594,11229
33260,11230
32424,11230
33563,11230
32390,11230
34021,11230
33829,11230
34092,11231
32778,11231
34090,11231
30487,11231
34270,11232
34183,11232
33368,11232
31925,11233
30786,11233
34122,11233
32615,11234
31930,11235
30530,11236
32982,11236
33930,11237
30111,11238
33148,11238
33027,11238
33394,11238
30509,11239
30969,11240
32568,11240
32911,11241
30478,11241
33621,11242
33805,11244
32093,11244
33686,11245
33373,11245
30439,11245
34482,11245
33399,11245
33360,11246
34570,11246
30350,11246
30897,11248
33608,11248
33828,11248
30096,11248
32076,11248
31186,11249
33385,11249
32734,11249
31384,11249
32835,11250
32108,11250
31876,11250
31881,11251
33741,11251
30720,11251
32559,11251
33768,11252
32116,11252
31659,11252
33417,11252
34434,11253
30371,11253
31590,11253
30326,11254
33801,11254
31339,11255
31978,11255
34495,11256
34164,11256
31660,11256
34851,11256
32535,11257
34331,11257
31472,11258
30020,11258
31089,11258
30049,11258
34808,11258
33881,11258
31806,11259
30445,11259
30664,11260
33906,11260
32927,11260
32348,11262
31460,11262
31429,11262
32312,11263
33935,11263
32484,11265
33559,11265
31932,11266
33902,11268
31082,11268
30744,11269
31310,11269
30109,11269
33725,11270
33713,11270
34327,11270
31114,11271
31191,11271
32055,11271
33165,11271
30239,11272
31379,11273
32809,11273
34154,11274
30231,11275
31909,11276
31829,11276
31951,11276
32146,11276
30202,11277
33681,11277
31323,11277
31711,11278
31454,11278
33647,11279
33187,11280
32442,11280
32524,11281
34754,11281
33086,11282
32001,11282
33354,11282
34788,11282
34225,11283
32656,11283
33684,11284
34710,11284
32334,11284
33676,11284
34261,11284
30922,11285
31091,11286
33414,11286
30013,11286
30389,11286
32279,11287
31328,11287
33786,11287
30098,11288
31768,11288
33016,11289
31442,11291
32889,11291
30054,11292
33029,11293
30884,11293
32283,11294
30758,11295
32298,11295
31367,11295
33410,11296
31104,11297
30775,11297
32097,11297
32779,11298
30602,11298
32539,11298
30503,11298
30386,11298
30624,11298
34776,11298
32705,11299
32152,11300
34681,11300
34194,11300
34560,11300
33841,11301
32258,11301
33775,11301
31882,11302
31312,11302
32445,11303
34934,11303
32629,11303
34630,11303
33672,11304
32609,11304
34110,11304
33011,11304
30799,11305
30589,11305
33240,11306
34783,11307
32427,11307
33275,11308
31571,11308
31640,11308
31816,11308
31538,11309
33363,11309
33492,11310
31476,11310
31891,11310
34616,11310
32193,11310
30344,11312
31112,11312
34487,11312
32250,11312
33502,11313
30210,11313
31304,11314
34144,11314
30383,11314
31758,11314
34485,11315
30151,11315
31706,11315
30591,11315
33166,11315
33689,11316
30753,11316
33089,11316
30531,11316
33862,11317
33493,11317
31434,11317
30469,11317
34196,11319
32006,11319
30474,11319
30061,11320
34957,11320
30905,11320
31117,11320
30436,11320
31274,11320
34399,11321
34174,11321
31741,11321
32098,11322
30222,11322
34816,11322
34982,11322
32657,11323
34347,11323
34299,11324
34168,11325
34333,11325
34770,11326
32131,11326
31717,11326
33151,11327
30400,11327
31686,11328
31105,11329
34260,11329
30295,11329
33387,11329
30354,11329
34927,11330
32971,11330
32904,11331
31511,11334
32345,11335
32267,11335
33825,11335
34441,11335
34389,11335
32339,11335
34284,11335
34732,11335
32060,11336
31593,11336
32984,11336
34433,11336
32035,11336
31531,11337
30050,11337
30264,11337
34417,11338
31707,11338
32359,11338
31760,11339
30981,11339
30605,11339
31243,11342
34595,11342
31279,11342
30171,11343
33266,11344
31950,11344
33571,11345
34686,11345
31530,11345
34903,11345
33806,11346
33637,11347
33839,11347
34293,11348
33077,11348
32903,11348
33212,11348
33233,11348
33318,11350
32088,11350
34121,11350
30876,11351
30808,11351
34301,11352
34241,11352
34465,11353
34909,11354
30552,11354
32244,11355
32643,11355
31385,11356
31557,11356
31704,11357
32371,11358
34422,11358
31579,11359
34915,11359
32082,11360
31466,11361
30116,11361
31791,11361
32401,11361
30566,11362
31041,11362
31380,11363
33468,11363
30268,11363
34181,11363
31289,11364
33615,11364
32340,11364
30028,11365
31258,11365
33473,11366
34906,11367
31851,11369
31087,11369
31808,11369
30947,11369
34861,11369
30553,11370
33505,11371
33380,11372
34470,11372
33281,11373
34265,11373
34186,11374
34170,11374
34665,11375
32721,11377
31417,11377
30340,11377
30695,11378
30039,11379
33146,11379
34206,11379
30923,11380
33707,11380
30890,11380
33402,11381
32495,11381
31920,11382
33710,11382
33358,11383
30696,11384
30430,11384
30425,11384
32106,11385
33447,11386
32454,11386
33889,11386
34637,11387
30447,11387
32299,11387
34951,11388
34508,11389
34960,11389
32853,11389
32474,11390
31520,11390
30314,11390
32226,11390
32186,11391
33270,11391
34937,11392
31482,11392
34276,11393
30768,11394
34919,11394
31483,11394
30006,11394
31145,11394
31604,11394
30089,11396
30958,11396
30140,11396
33342,11397
34590,11397
30252,11398
34204,11399
32878,11399
31595,11399
33103,11399
34285,11399
33426,11400
32931,11401
32134,11401
32148,11402
33143,11402
31081,11403
34698,11404
33654,11405
30048,11405
33569,11405
31933,11405
32394,11405
33272,11405
32692,11406
34513,11406
33701,11406
34931,11406
34133,11407
34836,11407
34152,11407
34486,11407
30773,11407
33262,11407
31536,11407
34438,11408
31026,11408
31929,11408
33937,11410
33273,11411
32645,11412
30625,11412
33081,11412
30797,11413
30058,11413
30250,11414
32232,11414
33243,11414
34269,11414
31423,11414
30094,11414
34324,11415
32722,11415
33727,11415
34572,11415
32464,11415
32521,11416
34865,11416
31582,11417
32601,11417
31937,11417
32032,11418
31759,11418
32274,11418
30622,11418
34543,11418
32219,11418
33599,11418
33252,11419
33600,11419
31916,11419
34646,11420
33137,11420
30377,11420
34279,11420
31163,11420
32290,11420
31940,11421
33757,11422
31835,11422
34382,11422
34981,11422
32962,11423
34030,11424
32291,11424
33785,11424
32321,11425
33609,11426
34604,11426
33546,11426
34677,11427
32800,11428
31794,11428
33031,11429
32739,11430
34802,11430
34283,11430
32194,11431
31341,11432
31762,11432
34130,11432
33917,11433
31072,11433
30733,11434
32422,11434
31726,11435
33628,11435
32448,11435
30965,11435
30547,11436
31818,11436
33633,11437
31363,11437
34462,11437
30138,11438
34824,11438
32135,11438
32951,11438
32814,11439
33437,11440
32272,11440
33024,11440
34077,11441
31399,11441
34743,11441
32979,11442
30053,11442
31030,11442
34654,11442
31725,11442
31080,11443
34583,11443
31455,11443
30504,11444
32852,11444
32213,11444
31074,11444
34203,11444
34163,11445
31201,11445
33838,11445
30419,11445
34220,11446
30788,11446
34307,11446
33577,11447
31100,11448
33120,11448
32617,11448
32070,11448
30763,11449
33651,11449
32510,11450
34835,11451
31547,11451
34878,11451
31831,11452
31018,11454
34650,11454
34624,11454
31311,11454
31828,11455
34693,11455
33694,11455
31832,11457
30993,11457
33395,11457
32620,11458
32407,11458
32336,11458
34328,11458
32249,11458
33526,11459
33886,11459
33999,11459
33581,11459
30883,11461
34623,11462
32198,11463
34656,11463
33021,11463
33766,11464
34424,11464
34627,11464
34291,11465
32549,11465
33376,11466
31400,11466
32211,11466
33422,11466
30348,11468
34126,11468
33625,11468
33980,11469
33174,11469
30281,11470
30721,11470
32014,11471
31003,11471
33448,11471
32275,11471
30910,11473
30663,11473
31413,11473
31489,11474
33791,11474
33907,11474
32369,11476
34264,11477
32649,11477
34929,11477
33967,11477
34739,11477
33197,11479
33899,11479
33542,11479
30907,11479
31350,11480
31320,11480
32344,11480
30129,11485
32377,11486
33573,11488
34356,11488
31956,11489
34647,11489
31983,11489
32541,11489
33477,11490
31238,11490
30016,11491
33289,11491
32242,11492
30010,11492
32009,11492
32723,11492
30710,11492
32320,11493
34510,11493
32536,11493
30834,11493
33308,11493
32857,11494
32747,11495
33058,11495
30757,11495
30688,11495
34060,11496
34633,11496
33539,11497
33624,11497
30310,11498
30912,11498
32260,11499
31867,11499
31144,11500
31560,11500
32939,11500
30044,11500
31685,11503
32862,11503
32579,11504
31263,11504
31915,11504
30278,11504
32296,11505
33030,11505
30966,11505
30496,11506
31462,11506
32841,11506
30088,11508
30296,11508
34860,11509
34611,11509
31824,11510
30638,11511
30220,11512
31494,11512
30195,11512
34949,11513
32720,11513
33034,11513
30033,11513
33043,11513
32514,11515
32592,11516
33315,11516
33661,11516
34708,11517
30429,11517
32433,11518
30038,11518
31374,11518
31754,11519
31307,11519
30382,11519
31182,11519
33096,11520
31598,11520
33702,11521
34334,11521
30207,11522
34550,11522
33403,11523
30968,11524
30384,11524
30904,11524
33401,11525
31260,11525
33527,11526
33245,11526
34904,11527
31745,11527
31055,11527
33778,11527
34635,11527
30333,11530
33407,11530
30011,11531
30336,11531
31941,11532
31050,11533
34238,11533
31198,11534
34517,11534
33377,11534
34977,11534
31863,11535
34922,11535
31441,11535
31336,11536
33382,11536
31542,11536
32748,11536
30027,11537
33655,11537
32882,11538
31085,11538
32717,11538
32235,11538
33552,11539
33014,11539
32480,11539
30073,11540
34339,11541
30456,11542
31409,11542
33790,11542
34357,11542
33894,11543
32188,11543
33497,11543
30154,11543
34564,11544
30578,11544
31209,11544
31731,11545
32684,11545
31207,11545
32021,11545
30364,11546
32417,11546
32603,11546
34475,11547
30717,11547
32698,11548
33795,11548
31457,11549
30953,11549
34492,11550
33364,11551
31065,11551
32262,11551
31359,11552
34294,11552
32634,11553
31821,11553
34275,11553
31282,11554
31792,11554
34809,11554
31727,11554
30783,11555
33172,11555
31036,11555
31984,11556
33346,11556
31358,11557
32743,11557
32711,11559
34038,11559
31853,11560
31563,11560
34987,11561
31306,11562
34725,11562
32509,11562
34695,11562
30976,11563
34287,11563
34798,11564
32820,11564
31942,11565
32746,11565
32238,11565
30587,11566
33091,11566
31211,11566
34392,11566
30003,11566
32048,11567
31185,11567
33356,11568
31566,11568
32482,11568
33367,11568
31048,11568
32327,11569
30455,11569
30680,11570
33952,11570
34274,11570
32025,11570
31946,11571
33159,11572
31766,11572
32439,11573
31508,11573
30508,11574
31712,11576
30320,11576
32467,11578
30745,11578
32781,11579
34014,11579
32898,11580
32958,11580
31801,11581
33111,11582
31464,11582
30572,11582
34044,11582
32600,11582
34250,11583
31979,11583
32731,11583
34852,11583
34467,11583
34094,11584
33745,11585
30914,11585
33071,11586
33946,11587
30156,11587
34989,11588
31193,11588
30535,11589
34200,11589
34160,11589
33996,11589
33911,11590
32405,11590
31675,11590
33596,11590
32965,11590
32776,11591
32349,11592
30583,11592
31537,11592
30495,11592
34367,11593
30790,11593
30689,11593
31431,11593
32019,11594
32719,11594
31687,11594
34984,11596
32991,11596
32966,11596
34062,11596
31900,11596
33251,11597
31443,11597
31515,11597
32938,11597
30998,11598
30112,11598
34525,11599
33903,11599
34190,11600
31914,11600
34091,11600
34413,11601
33350,11601
34599,11602
31782,11602
32577,11602
30074,11603
34817,11604
32110,11605
33478,11605
30838,11605
32921,11606
31179,11606
33796,11606
31637,11606
32970,11607
32380,11608
31468,11608
33285,11609
31486,11609
30136,11609
32466,11609
34421,11609
32113,11610
33545,11610
32561,11610
30635,11610
31763,11610
33632,11610
32527,11610
30626,11610
34429,11610
32976,11611
30978,11611
31216,11612
30748,11612
33630,11612
33794,11612
32029,11613
30258,11613
32271,11613
32196,11614
32064,11614
31398,11615
32177,11615
30610,11616
32854,11616
30882,11617
34338,11617
33349,11618
31823,11618
33192,11618
32481,11618
34923,11619
33928,11619
30339,11619
30629,11619
30437,11620
34435,11620
31748,11622
34899,11622
34894,11622
31814,11622
32811,11623
32797,11625
33203,11625
32550,11625
32255,11625
32268,11626
32363,11626
32989,11627
32732,11627
32580,11628
33276,11628
32317,11628
34407,11630
33107,11631
33341,11631
31101,11631
30345,11632
30190,11632
32233,11633
34263,11633
33840,11634
34384,11634
32678,11635
31203,11635
32728,11635
34649,11636
33020,11636
34766,11636
33850,11636
32354,11637
33099,11638
30418,11638
33799,11638
33972,11638
34081,11638
34219,11639
31535,11639
34316,11639
33087,11640
30819,11640
34319,11640
32805,11641
32161,11641
32932,11643
33181,11643
33152,11644
32815,11644
30000,11644
31108,11645
34800,11645
30847,11645
33209,11646
31200,11646
30177,11648
30493,11649
32381,11649
30034,11649
32714,11649
33568,11649
33438,11650
32653,11650
31299,11651
32513,11652
32961,11653
33762,11653
32688,11653
32983,11653
32881,11653
30206,11654
31702,11654
30122,11655
34059,11655
33158,11655
30332,11655
31589,11656
32431,11657
33827,11657
33511,11657
32801,11657
32606,11658
30293,11658
34254,11658
32203,11659
33817,11660
31011,11660
32677,11660
32532,11660
32376,11660
31931,11661
33116,11662
32120,11662
34047,11662
34976,11663
32956,11663
34912,11663
33013,11664
30846,11664
34277,11665
30276,11665
34371,11666
33711,11666
33982,11667
34782,11667
33882,11667
32669,11668
34610,11668
30480,11668
34563,11669
33327,11669
30687,11669
33370,11670
33747,11670
30778,11671
30725,11671
30361,11672
33046,11672
31096,11672
34546,11673
32178,11673
33780,11674
31521,11674
30924,11675
30405,11675
30943,11675
34586,11675
31142,11676
31723,11676
33125,11676
30357,11676
30911,11677
32406,11677
30829,11677
34900,11678
34838,11678
32156,11678
34499,11678
32400,11679
31001,11679
33665,11679
34578,11680
32742,11680
30933,11681
34227,11681
31356,11681
30204,11682
31240,11682
34029,11683
33959,11683
33729,11683
31436,11683
30381,11684
34804,11684
32508,11684
31230,11686
33849,11686
33433,11686
32785,11687
32421,11687
30870,11688
32475,11689
33178,11689
34875,11690
34753,11690
34259,11691
30481,11691
34600,11692
30945,11692
33557,11693
31294,11693
30523,11693
30188,11693
31674,11693
30501,11693
31716,11694
30839,11694
32775,11694
31250,11694
33924,11694
34676,11695
33977,11695
30722,11696
31864,11696
30681,11696
32895,11696
30944,11696
32365,11697
34780,11697
31391,11698
32943,11698
30388,11698
32119,11698
32975,11698
34192,11698
34138,11699
30197,11700
32234,11700
31248,11701
32395,11701
34502,11701
34345,11701
32498,11702
34756,11702
34682,11703
32149,11704
31857,11704
32587,11705
34648,11705
33607,11706
32122,11706
30743,11707
33663,11707
32718,11708
31848,11708
32084,11708
33875,11708
33156,11709
33097,11710
33503,11710
32322,11710
30541,11710
30119,11710
31859,11711
33163,11711
33887,11712
31514,11712
30273,11712
32304,11713
30729,11713
34237,11713
30189,11714
31606,11715
31622,11715
34920,11716
32713,11717
33833,11717
31987,11717
33750,11717
33696,11718
30938,11719
32022,11719
30816,11720
32142,11720
31318,11720
32257,11720
34255,11722
33127,11722
34329,11722
34942,11723
30270,11723
33490,11724
33586,11725
30556,11725
30617,11725
34182,11725
33932,11725
33934,11726
34859,11726
34636,11726
33985,11727
30580,11727
32229,11728
34768,11728
34093,11729
31076,11729
34841,11730
31962,11730
31345,11730
32799,11730
30366,11731
34773,11731
32393,11731
30579,11732
33898,11732
31295,11733
30590,11733
33597,11733
30881,11733
33139,11734
32117,11734
30793,11735
33164,11736
34507,11736
34713,11737
30284,11737
31266,11737
33929,11738
33901,11738
34471,11738
32944,11739
31965,11739
31450,11739
31501,11740
32221,11740
32360,11741
30428,11741
30426,11742
34386,11742
31517,11742
33160,11743
31795,11743
32839,11744
30644,11744
34529,11744
32121,11745
34827,11745
31846,11745
34661,11745
33728,11745
30803,11745
33722,11746
34477,11747
31467,11747
30165,11747
31505,11747
30052,11748
34574,11748
30772,11748
33998,11749
34763,11749
34658,11749
31896,11750
34742,11750
33658,11751
32125,11751
32147,11752
30550,11752
33154,11752
34001,11753
31496,11753
33523,11753
34512,11754
32501,11754
33123,11754
33761,11754
31044,11755
33815,11755
31619,11756
30949,11756
32923,11756
30935,11757
30929,11757
33085,11758
34522,11759
31479,11759
33133,11759
33617,11759
32476,11760
34803,11761
32555,11761
30128,11761
31276,11761
31199,11762
31432,11762
32175,11762
33025,11762
32366,11762
30261,11763
33059,11763
31910,11763
30124,11764
31781,11764
34748,11764
30032,11764
33895,11765
31602,11765
31000,11766
33919,11766
31392,11766
30266,11766
31237,11767
31642,11769
32926,11769
31594,11770
30472,11770
34690,11771
31803,11771
31197,11772
33454,11773
30379,11774
33739,11774
30476,11776
31212,11777
30668,11778
30779,11778
32611,11779
33738,11779
33193,11779
34353,11779
33290,11780
34364,11780
32673,11781
34840,11781
31648,11782
31528,11783
31470,11783
30954,11784
30370,11784
33800,11784
31149,11787
33443,11787
33675,11788
34451,11788
32865,11788
33896,11789
34823,11790
32838,11790
33033,11790
32654,11791
34679,11791
33909,11791
30708,11792
31849,11792
33963,11793
33119,11795
30517,11796
30678,11796
33258,11796
31976,11796
34643,11797
31141,11797
34642,11799
33915,11799
30471,11800
33200,11801
32798,11801
32208,11801
30798,11801
31273,11801
32154,11803
34544,11803
33268,11803
33336,11803
33576,11803
31993,11804
32639,11805
30802,11805
32542,11805
32387,11805
30518,11806
30312,11806
32964,11807
34801,11808
31564,11808
32067,11808
31267,11809
33798,11809
31613,11810
30424,11810
33124,11810
33323,11810
30818,11811
34895,11811
33804,11811
33984,11811
32916,11811
32986,11812
33012,11813
34556,11813
31913,11814
34575,11814
33961,11814
34304,11814
30874,11814
33400,11815
32552,11816
33593,11816
32007,11817
32010,11817
32181,11817
32020,11817
32622,11818
31246,11818
30901,11819
33421,11819
33126,11819
32616,11819
32891,11820
33455,11821
34810,11822
30069,11822
30811,11822
31285,11822
31412,11824
31841,11825
34346,11825
31337,11825
32712,11826
34128,11827
30452,11827
33184,11829
34248,11829
30747,11829
34450,11830
33508,11830
34253,11830
33616,11830
32013,11831
33525,11831
31449,11832
30739,11832
32330,11833
31548,11833
34593,11834
31313,11834
32736,11834
32884,11834
31006,11834
32638,11835
30781,11835
34994,11836
32391,11836
34844,11837
33509,11839
30645,11839
31839,11839
30172,11839
34258,11839
30008,11840
32389,11841
34348,11842
32054,11842
34136,11842
32675,11842
32167,11843
34479,11843
31611,11844
34731,11844
30872,11845
34614,11845
32471,11846
32061,11846
30619,11846
31226,11846
34189,11846
32959,11847
34395,11847
30692,11847
31551,11849
34554,11850
33074,11850
31265,11851
33345,11852
31225,11852
33241,11853
34019,11853
32472,11853
32940,11853
31742,11854
32080,11854
30014,11855
33114,11855
32451,11856
33965,11856
32735,11857
33069,11857
34907,11857
34076,11857
30903,11857
32004,11858
32109,11858
30835,11858
34692,11859
31728,11859
34472,11859
34764,11860
33500,11860
34023,11860
30068,11861
34697,11862
30801,11862
30527,11863
32074,11863
32985,11864
31368,11864
32885,11864
34701,11865
32537,11865
31641,11865
34321,11865
32350,11866
30755,11867
34521,11867
34609,11867
31740,11868
34561,11868
33284,11868
34660,11869
34411,11869
34055,11870
31161,11870
34930,11870
31035,11870
34673,11870
31440,11871
34409,11871
34666,11872
30815,11872
34403,11872
32646,11872
30105,11873
34312,11873
32166,11873
31477,11873
34670,11873
34536,11874
30319,11874
30659,11874
30777,11874
32385,11874
33170,11875
33515,11875
33362,11875
34425,11875
32030,11875
32789,11875
33049,11876
34474,11876
33720,11876
34526,11877
34099,11877
34296,11878
34343,11878
32994,11878
31169,11878
33913,11879
32899,11879
31278,11879
31042,11879
34057,11879
31025,11880
32842,11880
32115,11880
30807,11881
34640,11881
34986,11881
31804,11882
33466,11882
34966,11882
34589,11884
32831,11885
31710,11887
31677,11888
33338,11888
33612,11888
31657,11889
32096,11889
34332,11890
34779,11890
32182,11890
34103,11891
30639,11891
33483,11893
32543,11893
30724,11893
33918,11894
34663,11894
34506,11895
31947,11896
34135,11896
34480,11896
31583,11897
30630,11897
33715,11897
30950,11897
31424,11897
34704,11898
33773,11898
30662,11898
31448,11898
33347,11898
33040,11899
33680,11899
31131,11899
32793,11900
34778,11900
34354,11900
32517,11901
32968,11901
33620,11901
31078,11902
30677,11902
34975,11903
31939,11903
33869,11903
31647,11903
32744,11903
34266,11903
34796,11904
32087,11904
30707,11905
30631,11905
32126,11906
33622,11906
30328,11907
32379,11907
30592,11907
31736,11908
32200,11909
31755,11910
32453,11910
32626,11910
31002,11911
34125,11911
30464,11912
34541,11913
30352,11913
34724,11913
34964,11913
33288,11914
33712,11914
32752,11915
30300,11916
33375,11917
32504,11917
33136,11917
30896,11917
33312,11917
33008,11917
30888,11918
32756,11918
34644,11919
34101,11919
31749,11919
31907,11920
31605,11920
34064,11921
31338,11923
34699,11923
34209,11923
34117,11924
30860,11926
31383,11926
31615,11926
34369,11927
30005,11927
34054,11928
33976,11928
33247,11929
31948,11929
31355,11930
31038,11930
31691,11930
33735,11931
34344,11931
32107,11931
30399,11933
34420,11933
34653,11934
30489,11935
31992,11935
30313,11935
33856,11936
30603,11936
34519,11936
32566,11937
31301,11937
33313,11937
30214,11939
33748,11939
31854,11940
30001,11940
33485,11941
33302,11941
32868,11941
31771,11941
32209,11941
30169,11941
30771,11941
34607,11941
33480,11942
33479,11942
30473,11943
33090,11944
32500,11944
32343,11944
30309,11945
34659,11945
33592,11945
31493,11945
30549,11945
34300,11945
33760,11946
34162,11946
30403,11946
32263,11946
32871,11947
32558,11947
31743,11947
30859,11948
34234,11949
34113,11949
32058,11949
31066,11950
32819,11951
30970,11951
31843,11951
32960,11951
33333,11951
32169,11952
30183,11953
31426,11954
30754,11954
30066,11954
33602,11954
34979,11955
32767,11955
30440,11955
32463,11955
33926,11955
33259,11956
33359,11956
32300,11957
33535,11957
30041,11958
33662,11958
32913,11959
30093,11959
32777,11960
34008,11960
32041,11960
33244,11960
31961,11961
30152,11962
33611,11962
33141,11962
31401,11963
33392,11965
32458,11965
30091,11965
31394,11965
31495,11966
30253,11966
31433,11966
34965,11966
34501,11967
32150,11967
34251,11967
32214,11967
33277,11968
33589,11968
32383,11969
33474,11969
34430,11970
33987,11971
32614,11971
33667,11971
33383,11972
33051,11972
34786,11972
30182,11972
32132,11973
34641,11974
34325,11974
30186,11974
32195,11975
33532,11976
31652,11976
33673,11976
34655,11977
32892,11977
34132,11977
32396,11977
31703,11978
33772,11978
34765,11978
31471,11979
30064,11980
34297,11980
30684,11981
30240,11981
33255,11982
32256,11982
34109,11983
32264,11984
30288,11984
31844,11984
34232,11985
31092,11985
32206,11985
33427,11985
30618,11987
31148,11987
34988,11987
31160,11987
33076,11987
32695,11988
34928,11988
33690,11988
30990,11989
31456,11989
30280,11989
32444,11990
33001,11990
33874,11992
34622,11992
34843,11992
32218,11992
31977,11993
30831,11994
31484,11994
31125,11994
30593,11994
34638,11995
30234,11995
34711,11995
34620,11995
30367,11996
31010,11997
30655,11997
30451,11998
31733,11998
30609,11998
33128,11998
33279,11999
33777,11999
31752,11999
32089,12000
31404,12000
32346,12000
33042,11965
30082,11966
30316,11967
34131,11968
33544,11969
34833,11970
31653,11971
31322,11972
31407,11973
32492,11974
32201,11975
30560,11976
32576,11977
30248,11978
33939,11979
31132,11980
33147,11981
31567,11982
31577,11983
34516,11984
30813,11921
31789,11922
30992,11923
33884,11924
30706,11925
31610,11926
31842,11927
30987,11928
34618,11929
33066,11930
34718,11931
34083,11932
34775,11933
31242,11934
31245,11935
31120,11936
30804,11937
31643,11938
33036,11939
33962,11968
30017,11969
33945,11970
30512,11971
34534,11972
33386,11973
30855,11974
30047,11975
32105,11976
31217,11977
32173,11978
32301,11979
34839,11980
33759,11981
31556,11982
32370,11983
33339,11984
33361,11853
34830,11854
31522,11855
32165,11856
30459,11857
31865,11858
34868,11859
33703,11860
34207,11861
32816,11862
31739,11863
30453,11864
31777,11865
31419,11866
30562,11867
33225,11868
30289,11869
31624,11870
33498,11802
33733,11803
31580,11804
30794,11805
31822,11806
34497,11807
30600,11808
33231,11809
31972,11810
30139,11811
